"0","# --------- LOAD LIBRARIES"
"0","options(scipen = 99) # me-non-aktifkan scientific notation"
"0","library(tidyverse) # koleksi beberapa package R"
"0","library(dplyr) # grammar of data manipulation"
"0","library(readr) # membaca data"
"0",""
"0","library(ggplot2) # plot statis"
"0","library(plotly) # plot interaktif"
"0","library(glue) # setting tooltip"
"0","library(scales) # mengatur skala pada plot"
"0","library(DescTools)"
"0",""
"0","# dashboarding"
"0","library(shiny)"
"0","library(shinydashboard)"
"0","library(DT) # datatable"
"0",""
"0",""
"0",""
