"0","library(dplyr)"
"0","library(ggplot2)"
"0","library(ggdark)"
"0","library(glue)"
"0","library(plotly)"
"0","happiness_sorted <- happiness %>% "
"0","  arrange(desc(Ladder_Score)) %>% "
"0","  mutate(label = glue(""Country: {Country}"
"0","                      Happiness Score:  {round(Ladder_Score, 2)}""))"
"0",""
"0","colors <- c(""#ffd89b"", ""#19547b"")"
"0",""
"0","theme_black<- function (base_size = 16, base_family = """"){"
"0","    theme_minimal() %+replace% "
"0","        theme("
"0","              line = element_line(colour = ""white"", size = 0.5, linetype = 1, "
"0","                        lineend = ""butt""), "
"0","              rect = element_rect(fill = ""white"", "
"0","                        colour = ""white"", size = 0.5, linetype = 1), "
"0","              text = element_text(family = base_family, "
"0","                        face = ""plain"", colour = ""white"", size = base_size,"
"0","                        angle = 0, lineheight = 0.9, hjust = 0, vjust = 0),"
"0","              plot.background = element_rect(fill = 'black'),"
"0","              plot.title = element_text(size = rel(1.2)),"
"0","              panel.border = element_rect(fill = NA, colour = NA), "
"0","              panel.grid.major = element_line(colour = ""grey20""), "
"0","              panel.grid.minor = element_line(colour = NA),"
"0","              strip.background = element_rect(fill = ""grey30"", colour = ""grey30""),"
"0","              axis.text.x = element_text(family=base_family, colour=""white""),"
"0","              axis.text.y = element_text(family=base_family, colour=""white"", hjust=1, vjust=0.5),"
"0","              title = element_text(family=base_family, colour=""white"", size=12, hjust=0.5)"
"0","              "
"0","             )"
"0","    }"
"0",""
"0","plot <- ggplot(rbind(head(happiness_sorted, 5),  tail(happiness_sorted,5)), mapping=aes(x=reorder(Country, Ladder_Score), y=Ladder_Score, text=label))+"
"0","  geom_col(aes(fill=Ladder_Score))+"
"0","  scale_fill_gradientn(colors=colors)+"
"0","  coord_flip()+"
"0","  labs("
"0","    title=""Top 5 Happiest and Unhappiest\nCountry In the World"","
"0","    y=""Happiness"","
"0","    x="""","
"0","    fill=""Happiness Score"""
"0","  )+"
"0","  theme_black()"
"0","  "
"0","color = ""rgba(0, 0, 0, 1)"""
"0",""
"0","ggplotly(plot, tooltip=""text"") %>% layout("
"0","           plot_bgcolor  = color,"
"0","           paper_bgcolor = color"
"0","           )"
