"0","happiness_cap <- happiness %>% "
"0","  filter(Country.name %in% c(""Singapore"", ""New Zealand"", ""Australia"", ""Switzerland"", ""Ireland""))"
"1","[1m[33mError[39m in [38;5;232m`filter()`[39m:[22m
[38;5;232m[33m![38;5;232m Problem while computing `..1 = Country.name %in% ...`.[39m
[1mCaused by error in [38;5;232m`Country.name %in% c(""Singapore"", ""New Zealand"", ""Australia"", ""Switzerland"", ""Ireland"")`[39m:[22m
[33m![39m object 'Country.name' not found
Backtrace:
[90m 1. [39mhappiness %>% ...
[90m 8. [39mCountry.name %in% ...
"
