{"working_dir":null,"default_chunk_options":{"echo":true},"chunk_definitions":[{"row":15,"row_count":1,"visible":true,"expansion_state":0,"options":{"engine":"r","label":"setup","include":false},"document_id":"D577B6D3","chunk_id":"csetup_chunk","chunk_label":"setup"},{"row":25,"row_count":1,"visible":true,"expansion_state":0,"options":{"engine":"r","label":"unnamed-chunk-24"},"document_id":"D577B6D3","chunk_id":"c6zt2ijk599nc","chunk_label":"unnamed-chunk-1"},{"row":98,"row_count":1,"visible":true,"expansion_state":0,"options":{"engine":"r","label":"unnamed-chunk-31"},"document_id":"D577B6D3","chunk_id":"cintzgguvwlb1","chunk_label":"unnamed-chunk-2"},{"row":144,"row_count":1,"visible":true,"expansion_state":0,"options":{"engine":"r","label":"unnamed-chunk-78"},"document_id":"D577B6D3","chunk_id":"cqwc1d4fn5b3l","chunk_label":"unnamed-chunk-3"},{"row":167,"row_count":1,"visible":true,"expansion_state":0,"options":{"engine":"r","label":"unnamed-chunk-23"},"document_id":"D577B6D3","chunk_id":"cf8o0s8pmvo17","chunk_label":"unnamed-chunk-4"},{"row":179,"row_count":1,"visible":true,"expansion_state":0,"options":{"engine":"r","label":"unnamed-chunk-4"},"document_id":"D577B6D3","chunk_id":"ccl4er1u47mfo","chunk_label":"unnamed-chunk-5"},{"row":198,"row_count":1,"visible":true,"expansion_state":0,"options":{"engine":"r","label":"unnamed-chunk-5"},"document_id":"D577B6D3","chunk_id":"culsnnzh2u9sk","chunk_label":"unnamed-chunk-6"}],"doc_write_time":1659876233,"chunk_rendered_width":700}