{"working_dir":null,"default_chunk_options":{"echo":true},"chunk_definitions":[{"row":15,"row_count":1,"visible":true,"expansion_state":0,"options":{"engine":"r","label":"setup","include":false},"document_id":"D577B6D3","chunk_id":"csetup_chunk","chunk_label":"setup"},{"row":25,"row_count":1,"visible":true,"expansion_state":0,"options":{"engine":"r","label":"unnamed-chunk-1"},"document_id":"D577B6D3","chunk_id":"c2cbf6st5glxc","chunk_label":"unnamed-chunk-1"},{"row":92,"row_count":1,"visible":true,"expansion_state":0,"options":{"engine":"r","label":"unnamed-chunk-2"},"document_id":"D577B6D3","chunk_id":"co69t5qhglclq","chunk_label":"unnamed-chunk-2"},{"row":115,"row_count":1,"visible":true,"expansion_state":0,"options":{"engine":"r","label":"unnamed-chunk-3"},"document_id":"D577B6D3","chunk_id":"cx7pkqc5iyzid","chunk_label":"unnamed-chunk-3"},{"row":127,"row_count":1,"visible":true,"expansion_state":0,"options":{"engine":"r","label":"unnamed-chunk-4"},"document_id":"D577B6D3","chunk_id":"c233yzeb5dd9u","chunk_label":"unnamed-chunk-4"},{"row":146,"row_count":1,"visible":true,"expansion_state":0,"options":{"engine":"r","label":"unnamed-chunk-5"},"document_id":"D577B6D3","chunk_id":"cim2u1dpiz57d","chunk_label":"unnamed-chunk-5"}],"doc_write_time":1659364701}