"0",""
"0","col.names <- c(""Country"", ""Region"", ""Ladder_Score"", "
"0","               ""Standard_Error"","
"0","               ""Upperwhisker"", ""Lowerwhisker"", ""Log_GDP"","
"0","               ""Social_Support"", ""Healthy_Life_Expectancy"","
"0","               ""Freedom_to_Make_Life_Choices"", ""Generosity"","
"0","               ""Perception_of_Corruption"","
"0","               ""Ladder_Score_in_Dystopia"", ""Explained_by_Log_GDP"","
"0","               ""Explained_by_Social_Support"", "
"0","               ""Explained_by_Healthy_Life_Expectancy"","
"0","               ""Explained_by_Freedom_to_Make Life_Choices"","
"0","               ""Explained_by_Generosity"","
"0","               ""Explained_by_Perception_of_Corruption"","
"0","               ""Dystopia_Residuall"")"
"0",""
"0",""
"0","names(happiness) <- col.names"
"0",""
"0",""
"0","happiness"
