{"chunk_definitions":[{"row":15,"row_count":1,"visible":true,"expansion_state":0,"options":{"engine":"r","label":"setup","include":false},"document_id":"D577B6D3","chunk_id":"csetup_chunk","chunk_label":"setup"},{"row":25,"row_count":1,"visible":true,"expansion_state":0,"options":{"engine":"r","label":"unnamed-chunk-434"},"document_id":"D577B6D3","chunk_id":"c6zt2ijk599nc","chunk_label":"unnamed-chunk-1"},{"row":98,"row_count":1,"visible":true,"expansion_state":0,"options":{"engine":"r","label":"unnamed-chunk-435"},"document_id":"D577B6D3","chunk_id":"cintzgguvwlb1","chunk_label":"unnamed-chunk-2"},{"row":156,"row_count":1,"visible":true,"expansion_state":0,"options":{"engine":"r","label":"unnamed-chunk-436"},"document_id":"D577B6D3","chunk_id":"cqwc1d4fn5b3l","chunk_label":"unnamed-chunk-3"},{"row":236,"row_count":1,"visible":true,"expansion_state":0,"options":{"engine":"r","label":"unnamed-chunk-437"},"document_id":"D577B6D3","chunk_id":"clw3sszjzeqxd","chunk_label":"unnamed-chunk-4"},{"row":265,"row_count":1,"visible":true,"expansion_state":0,"options":{"engine":"r","label":"unnamed-chunk-438"},"document_id":"D577B6D3","chunk_id":"ccl4er1u47mfo","chunk_label":"unnamed-chunk-5"},{"row":272,"row_count":1,"visible":true,"expansion_state":0,"options":{"engine":"r","label":"unnamed-chunk-439"},"document_id":"D577B6D3","chunk_id":"c9sj7bbqi4pf0","chunk_label":"unnamed-chunk-6"},{"row":292,"row_count":1,"visible":true,"expansion_state":0,"options":{"engine":"r","label":"unnamed-chunk-440"},"document_id":"D577B6D3","chunk_id":"culsnnzh2u9sk","chunk_label":"unnamed-chunk-7"},{"row":329,"row_count":1,"visible":true,"expansion_state":0,"options":{"engine":"r","label":"unnamed-chunk-452"},"document_id":"D577B6D3","chunk_id":"c4uymgi6h7ior","chunk_label":"unnamed-chunk-8"}],"doc_write_time":1659894949,"working_dir":null,"default_chunk_options":{"echo":true},"chunk_rendered_width":700}