"0","happiness$Country <- replace(happiness$Country, happiness$Country == ""United States"", ""USA"")"
"0","happiness$Country <- replace(happiness$Country, happiness$Country == ""Congo (Brazzaville)"", ""Democratic Republic of the Congo"")"
"0",""
"0",""
"0","world_map <- map_data(""world"")"
"0",""
"0","world_map <- merge(world_map, happiness, by.x=""region"", by.y=""Country"")"
"0",""
"0","world_map <- world_map[order(world_map$group, world_map$order),]"
"0",""
"0","world_map <- world_map %>% "
"0","  mutate(label = glue(""Country: {region}"
"0","                      Happiness Score:  {round(Ladder_Score, 2)}""))"
"0",""
"0","plot3<- ggplot(world_map, aes(x=long, y=lat, group=group, text=label))+"
"0","  geom_polygon(aes(fill=Ladder_Score), color=""black"")+"
"0","  scale_fill_gradientn(colors=colors)+"
"0","  labs("
"0","    x="""","
"0","    y="""","
"0","    fill=""Happiness Score"""
"0","  )+"
"0","  theme_black()+"
"0","  theme(axis.text.x = element_blank(),"
"0","        axis.text.y = element_blank())"
"0",""
"0",""
"0",""
"0","ggplotly(plot3, tooltip=""text"") %>% layout("
"0","           plot_bgcolor  = color,"
"0","           paper_bgcolor = color"
"0","           )"
