"0","# your code here"
"0","library(reshape)"
"0",""
"0",""
"0",""
"0","happiness2 <- happiness"
"0","col.names2 <- c(""Country"", ""Region"", ""Ladder Score"", "
"0","               ""Standard Error"","
"0","               ""Upperwhisker"", ""Lowerwhisker"", ""Log GDP"","
"0","               ""Social Support"", ""Healthy Life Expectancy"","
"0","               ""Freedom to Make Life Choices"", ""Generosity"","
"0","               ""Perception of Corruption"","
"0","               ""Ladder Score in Dystopia"", ""Explained by Log GDP"","
"0","               ""Explained by Social Support"", "
"0","               ""Explained by Healthy Life Expectancy"","
"0","               ""Explained by Freedom to Make Life Choices"","
"0","               ""Explained by Generosity"","
"0","               ""Explained by Perception of Corruption"","
"0","               ""Dystopia Residuall"")"
"0","names(happiness2) <- col.names2"
"0",""
"0","col.names3 <- c(""Ladder Score"", "
"0","                ""Log GDP"","
"0","               ""Social Support"", ""Healthy Life Expectancy"","
"0","               ""Freedom to Make Life Choices"", ""Generosity"","
"0","               ""Perception of Corruption"","
"0","               ""Ladder Score in Dystopia"", ""Explained by Log GDP"","
"0","               ""Explained by Social Support"", "
"0","               ""Explained by Healthy Life Expectancy"","
"0","               ""Explained by Freedom to Make Life Choices"","
"0","               ""Explained by Generosity"","
"0","               ""Explained by Perception of Corruption"","
"0","               ""Dystopia Residuall"")"
"0",""
"0","happiness_numeric <- happiness2 %>% "
"0","  select_if(is.numeric) %>% "
"0","  select(-c(""Standard Error"", Upperwhisker, Lowerwhisker))"
"0",""
"0",""
"0","happiness_corr <- data.frame(cor(happiness_numeric))"
"2","Warning: the standard deviation is zero"
"0","names(happiness_corr) <- col.names3"
"0","happiness_corr$id <- row.names(happiness_corr)"
"0","happiness_corr <- melt(happiness_corr, id.vars=""id"")"
"0",""
"0","happiness_corr <- happiness_corr %>% "
"0","  filter(variable==""Ladder Score"") %>% "
"0","  replace(is.na(.), 0) %>% "
"0","  filter(id!=""Ladder Score"")"
"0",""
"0","happiness_corr <- happiness_corr %>% "
"0","  mutate(label = glue(""{id}"
"0","                      Correlation Value:  {round(value, 2)}""))"
"0",""
"0",""
"0","options(repr.plot.width =20, repr.plot.height =9)"
"0","plot2<-ggplot(happiness_corr, mapping=aes(x=id, y=value, fill=value, text=label))+"
"0","  geom_col()+"
"0","  labs("
"0","    title=""Correlation with Happiness"","
"0","    x="""","
"0","    y="""""
"0","  )+"
"0","  scale_fill_gradientn(colors=colors,"
"0","                       limits=c(-1,1))+  "
"0","  scale_y_discrete(labels=c(""test,""))+"
"0","  theme_black()+"
"0","  ylim(-1,1)+"
"0","  coord_flip()"
"2","Scale for 'y' is already present. Adding another scale for 'y', which will replace the
existing scale.
"
"0","ggplotly(plot2, tooltip=""text"") %>% layout("
"0","           plot_bgcolor  = color,"
"0","           paper_bgcolor = color"
"0","           )"
