"0","# your code here"
"0",""
"0",""
"0","col=""Explained by Log GDP"""
"0","col2 <- gsub("" "", ""_"", col)"
"0",""
"0","colors <- c(""#ffd89b"", ""#19547b"")"
"0","ggplot(happiness, mapping=aes(x=get(col2), y=Ladder_Score))+"
"0","  geom_point(aes(col=Ladder_Score))+"
"0","  scale_color_gradientn(colors=colors)+"
"0","  theme_black()+"
"0","  geom_smooth(method = ""lm"", col=""white"")+"
"0","  labs("
"0","    title=paste(""Correlation Between"", col, "" and Happiness""),"
"0","    x=col,"
"0","    y="""","
"0","    col=""Happiness Score"""
"0","  )"
